fua_code,study_city_label,population,spotify_id,band,monthly_listeners,catalogue
UK001F,London,12666099,7MhMgCo0Bl0Kukl93PZbYS,Blur,14009757,Editorial reviewed ten
UK001F,London,12666099,4gzpq5DPGxSnKTe4SA8HAU,Coldplay,92034104,Editorial reviewed ten
UK001F,London,12666099,08GQAI4eElDnROBrJRGE0X,Fleetwood Mac,50959935,Editorial reviewed ten
UK001F,London,12666099,1moxjboGR7GNWYIMWsRjgG,Florence and the Machine,25836943,Editorial reviewed ten
UK001F,London,12666099,36QJpDe2go2KgaRleHCDTp,Led Zeppelin,20605707,Editorial reviewed ten
UK001F,London,12666099,0k17h0D3J5VfsdmQ1iZtE9,Pink Floyd,26546155,Editorial reviewed ten
UK001F,London,12666099,1dfeR4HaWDbWqFHLkxsg1d,Queen,51601234,Editorial reviewed ten
UK001F,London,12666099,3RGLhK1IP9jnYFH4BRFJBS,The Clash,14589467,Editorial reviewed ten
UK001F,London,12666099,5NGO30tJxFlKixkPSgXcFE,The Police,39887109,Editorial reviewed ten
UK001F,London,12666099,22bE4uQ6baNwSHPVcDxLCe,The Rolling Stones,30690194,Editorial reviewed ten
UK008F,Manchester,3595966,432R46LaYsJZV2Gmc4jUV5,Joy Division,4140711,Editorial reviewed ten
UK008F,Manchester,3595966,0yNLKJebCb8Aueb54LYya3,New Order,8786188,Editorial reviewed ten
UK008F,Manchester,3595966,2DaxqgrOhkeH0fpeiQq2f4,Oasis,39676473,Editorial reviewed ten
UK008F,Manchester,3595966,1fa0cOhromAZdq2xRA4vv8,Simply Red,9097250,Editorial reviewed ten
UK008F,Manchester,3595966,1XgFuvRd7r5g0h844A5ZUQ,Take That,6539015,Editorial reviewed ten
UK008F,Manchester,3595966,3mIj9lX2MWuHmhNCA7LSCW,The 1975,18915018,Editorial reviewed ten
UK008F,Manchester,3595966,1GhPHrq36VKCY3ucVaZCfo,The Chemical Brothers,9143502,Editorial reviewed ten
UK008F,Manchester,3595966,3yY2gUcIsjMr8hjo51PoJ8,The Smiths,22515532,Editorial reviewed ten
UK008F,Manchester,3595966,1lYT0A0LV5DUfxr6doRP3d,The Stone Roses,3488308,Editorial reviewed ten
UK008F,Manchester,3595966,2cGwlqi3k18jFpUyTrsR84,The Verve,16374768,Editorial reviewed ten
UK002F,Birmingham,3247941,5M52tdBnJaKSvOpJGz8mfZ,Black Sabbath,18288641,Editorial reviewed ten
UK002F,Birmingham,3247941,4QTVePrFu1xuGM9K0kNXkk,Dexys Midnight Runners,7999321,Editorial reviewed ten
UK002F,Birmingham,3247941,0lZoBs4Pzo7R89JM9lxwoT,Duran Duran,15134650,Editorial reviewed ten
UK002F,Birmingham,3247941,7jefIIksOi1EazgRTfW2Pk,ELO,18330664,Editorial reviewed ten
UK002F,Birmingham,3247941,6e9wIFWhBPHLE9bXK8gtBI,Editors,1241937,Editorial reviewed ten
UK002F,Birmingham,3247941,20p5D2KrE8CGuOjHtxsyTp,Fine Young Cannibals,5309505,Editorial reviewed ten
UK002F,Birmingham,3247941,2tRsMl4eGxwoNabM08Dm4I,Judas Priest,4112763,Editorial reviewed ten
UK002F,Birmingham,3247941,6UL7BodGc5iVmQGlMwHR0g,Steel Pulse,1883347,Editorial reviewed ten
UK002F,Birmingham,3247941,5BcZ22XONcRoLhTbZRuME1,The Moody Blues,2129836,Editorial reviewed ten
UK002F,Birmingham,3247941,69MEO1AADKg1IZrq2XLzo5,UB40,9327767,Editorial reviewed ten
UK003F,Leeds,3070506,3XHO7cRUPCLOr6jwp8vsx5,Alt-J,8110938,Editorial reviewed ten
UK003F,Leeds,3070506,0TcYeHEK9sBtv7xPbKhzHz,Chumbawamba,4700579,Editorial reviewed ten
UK003F,Leeds,3070506,3AmWjMXXtBJOmNGpUFSOAl,Gang of Four,469462,Editorial reviewed ten
UK003F,Leeds,3070506,0LbLWjaweRbO4FDKYlbfNt,Kaiser Chiefs,2999896,Editorial reviewed ten
UK003F,Leeds,3070506,4tNxq9NGKTKaX8OkZBLgf0,Nightmares on Wax,1820888,Editorial reviewed ten
UK003F,Leeds,3070506,4HxBVyHaUa60eCSsJWxwWR,Sisters of Mercy,994856,Editorial reviewed ten
UK003F,Leeds,3070506,6aq8T2RcspxVOGgMrTzjWc,Soft Cell,5766246,Editorial reviewed ten
UK003F,Leeds,3070506,49DW3KvkyjHO35mK1JnSyS,The Cult,2277310,Editorial reviewed ten
UK003F,Leeds,3070506,4tyCvqG48h4LdcbFfWBjR9,The Wedding Present,45749,Editorial reviewed ten
UK003F,Leeds,3070506,2h3ooJn8m8X8cL2g1BZ1Rd,Yard Act,416371,Editorial reviewed ten
UK004F,Glasgow,1895840,4I2BJf80C0skQpp1sQmA0h,Belle and Sebastian,1141204,Editorial reviewed ten
UK004F,Glasgow,1895840,3CjlHNtplJyTf9npxaPl5w,CHVRCHES,4152413,Editorial reviewed ten
UK004F,Glasgow,1895840,0XNa1vTidXlvJ2gHSsRi4A,Franz Ferdinand,10807735,Editorial reviewed ten
UK004F,Glasgow,1895840,3wury2nd8idV4GecUg5xze,Primal Scream,1165795,Editorial reviewed ten
UK004F,Glasgow,1895840,6hN9F0iuULZYWXppob22Aj,Simple Minds,9628717,Editorial reviewed ten
UK004F,Glasgow,1895840,7bPU7cvfoD20ixGD9Qnqki,Stealers Wheel,5726001,Editorial reviewed ten
UK004F,Glasgow,1895840,5JsdVATHNPE0XdMFMRoSuf,Texas,2420479,Editorial reviewed ten
UK004F,Glasgow,1895840,3M4ThdJR28z9eSMcQHAZ5G,The Fratellis,4131358,Editorial reviewed ten
UK004F,Glasgow,1895840,3bUwxJgNakzYKkqAVgZLlh,Travis,2884486,Editorial reviewed ten
UK004F,Glasgow,1895840,2u0gw0uCWBMiqV7h0N8kai,Wet Wet Wet,2057236,Editorial reviewed ten
UK006F,Liverpool,1597536,0uAjBatvB4ubpd4kCfjmNt,A Flock of Seagulls,4670482,Editorial reviewed ten
UK006F,Liverpool,1597536,6JMHws5haIO6V35YNYDnDw,Atomic Kitten,2751716,Editorial reviewed ten
UK006F,Liverpool,1597536,240wlM8vDrf6S4zCyzGj2W,CamelPhat,6543464,Editorial reviewed ten
UK006F,Liverpool,1597536,5WWSL6rElJeUk3Uc1S2RyD,Dead or Alive,3275455,Editorial reviewed ten
UK006F,Liverpool,1597536,0fgYKF9Avljex0L9Wt5b8Z,Echo & the Bunnymen,2210172,Editorial reviewed ten
UK006F,Liverpool,1597536,1mZu3rO7qSD09GdDpePHhY,Frankie Goes to Hollywood,2758706,Editorial reviewed ten
UK006F,Liverpool,1597536,7wJ9NwdRWtN92NunmXuwBk,Orchestral Manoeuvres in the Dark,3287803,Editorial reviewed ten
UK006F,Liverpool,1597536,3WrFJ7ztbogyGnTHbHJFl2,The Beatles,37927636,Editorial reviewed ten
UK006F,Liverpool,1597536,47Z8LEl3LnQkcpva0xSthT,The La's,5581915,Editorial reviewed ten
UK006F,Liverpool,1597536,0Ya43ZKWHTKkAbkoJJkwIB,The Wombats,2884656,Editorial reviewed ten
UK013F,Newcastle,1221203,5P1tdwsQdI6z9MXXfmYRDS,Field Music,10829,Editorial reviewed ten
UK013F,Newcastle,1221203,7sx3r4lMo079vO7lIi0fng,Lanterns on the Lake,43202,Editorial reviewed ten
UK013F,Newcastle,1221203,6edGSAX5dVpeJVwu1Q0NwJ,Lighthouse Family,2921952,Editorial reviewed ten
UK013F,Newcastle,1221203,7cfhZmKaLWzNLwHDxzugUH,Little Comets,47976,Editorial reviewed ten
UK013F,Newcastle,1221203,048FBwXjFYBWxSggPDipic,Maxïmo Park,411159,Editorial reviewed ten
UK013F,Newcastle,1221203,1F7QDWyZTLGzkyGLgFjEhU,Pigs Pigs Pigs Pigs Pigs Pigs Pigs,37035,Editorial reviewed ten
UK013F,Newcastle,1221203,3ICflSq6ZgYAIrm2CTkfVP,The Animals,12324330,Editorial reviewed ten
UK013F,Newcastle,1221203,3TBfn8PtXr42OrTPaoC3E8,The Futureheads,175654,Editorial reviewed ten
UK013F,Newcastle,1221203,6bz0ztmnpeofmoFksV3DqL,The Wildhearts,25540,Editorial reviewed ten
UK013F,Newcastle,1221203,5fwaejlOHVBAw1KhIPPaQe,Venom,203523,Editorial reviewed ten
UK010F,Sheffield,1217504,2s79xe5F6eUQkjwjww27Fh,ABC,1028147,Editorial reviewed ten
UK010F,Sheffield,1217504,6QNkSI0c63lCTNXpHDBiqP,Ace,1026309,Editorial reviewed ten
UK010F,Sheffield,1217504,7Ln80lUS6He07XvHI8qqHH,Arctic Monkeys,52301870,Editorial reviewed ten
UK010F,Sheffield,1217504,1Ffb6ejR6Fe5IamqA5oRUF,Bring Me The Horizon,13707032,Editorial reviewed ten
UK010F,Sheffield,1217504,6H1RjVyNruCmrBEWRbD0VZ,Def Leppard,10792689,Editorial reviewed ten
UK010F,Sheffield,1217504,4aaBjq7VqqQvpSF69GglvO,Moloko,2507932,Editorial reviewed ten
UK010F,Sheffield,1217504,36E7oYfz3LLRto6l2WmDcD,Pulp,2830863,Editorial reviewed ten
UK010F,Sheffield,1217504,1aX2dmV8XoHYCOQRxjPESG,The Human League,6085844,Editorial reviewed ten
UK010F,Sheffield,1217504,2Z7UcsdweVlRbAk5wH5fsf,The Last Shadow Puppets,1305891,Editorial reviewed ten
UK010F,Sheffield,1217504,5jVeqi3PNaTOajfvBa4uFn,Thompson Twins,2069490,Editorial reviewed ten
UK002F,Birmingham,3247941,7jefIIksOi1EazgRTfW2Pk,Electric Light Orchestra,18330664,Systematic popularity-first top ten
UK002F,Birmingham,3247941,5M52tdBnJaKSvOpJGz8mfZ,Black Sabbath,18288641,Systematic popularity-first top ten
UK002F,Birmingham,3247941,0lZoBs4Pzo7R89JM9lxwoT,Duran Duran,15134650,Systematic popularity-first top ten
UK002F,Birmingham,3247941,69MEO1AADKg1IZrq2XLzo5,UB40,9327767,Systematic popularity-first top ten
UK002F,Birmingham,3247941,4QTVePrFu1xuGM9K0kNXkk,Dexys Midnight Runners,7999321,Systematic popularity-first top ten
UK002F,Birmingham,3247941,20p5D2KrE8CGuOjHtxsyTp,Fine Young Cannibals,5309505,Systematic popularity-first top ten
UK002F,Birmingham,3247941,2tRsMl4eGxwoNabM08Dm4I,Judas Priest,4112763,Systematic popularity-first top ten
UK002F,Birmingham,3247941,5BcZ22XONcRoLhTbZRuME1,The Moody Blues,2129836,Systematic popularity-first top ten
UK002F,Birmingham,3247941,6UL7BodGc5iVmQGlMwHR0g,Steel Pulse,1883347,Systematic popularity-first top ten
UK002F,Birmingham,3247941,4GvOygVQquMaPm8oAc0vXi,The Streets,1675316,Systematic popularity-first top ten
UK004F,Glasgow,1895840,0XNa1vTidXlvJ2gHSsRi4A,Franz Ferdinand,10807735,Systematic popularity-first top ten
UK004F,Glasgow,1895840,6hN9F0iuULZYWXppob22Aj,Simple Minds,9628717,Systematic popularity-first top ten
UK004F,Glasgow,1895840,7bPU7cvfoD20ixGD9Qnqki,Stealers Wheel,5726001,Systematic popularity-first top ten
UK004F,Glasgow,1895840,3CjlHNtplJyTf9npxaPl5w,CHVRCHES,4152413,Systematic popularity-first top ten
UK004F,Glasgow,1895840,3M4ThdJR28z9eSMcQHAZ5G,The Fratellis,4131358,Systematic popularity-first top ten
UK004F,Glasgow,1895840,3bUwxJgNakzYKkqAVgZLlh,Travis,2884486,Systematic popularity-first top ten
UK004F,Glasgow,1895840,5JsdVATHNPE0XdMFMRoSuf,Texas,2420479,Systematic popularity-first top ten
UK004F,Glasgow,1895840,2u0gw0uCWBMiqV7h0N8kai,Wet Wet Wet,2057236,Systematic popularity-first top ten
UK004F,Glasgow,1895840,3wury2nd8idV4GecUg5xze,Primal Scream,1165795,Systematic popularity-first top ten
UK004F,Glasgow,1895840,4I2BJf80C0skQpp1sQmA0h,Belle and Sebastian,1141204,Systematic popularity-first top ten
UK003F,Leeds,3070506,3XHO7cRUPCLOr6jwp8vsx5,alt-J,8110938,Systematic popularity-first top ten
UK003F,Leeds,3070506,6aq8T2RcspxVOGgMrTzjWc,Soft Cell,5766246,Systematic popularity-first top ten
UK003F,Leeds,3070506,0LbLWjaweRbO4FDKYlbfNt,Kaiser Chiefs,2999896,Systematic popularity-first top ten
UK003F,Leeds,3070506,01pKrlgPJhm5dB4lneYAqS,Sigma,2550591,Systematic popularity-first top ten
UK003F,Leeds,3070506,49DW3KvkyjHO35mK1JnSyS,The Cult,2277310,Systematic popularity-first top ten
UK003F,Leeds,3070506,5rIqOJspxDq89aBBCUda1X,Smokie,1611813,Systematic popularity-first top ten
UK003F,Leeds,3070506,4HxBVyHaUa60eCSsJWxwWR,Sisters of Mercy,994856,Systematic popularity-first top ten
UK003F,Leeds,3070506,3AmWjMXXtBJOmNGpUFSOAl,Gang Of Four,469462,Systematic popularity-first top ten
UK003F,Leeds,3070506,2h3ooJn8m8X8cL2g1BZ1Rd,Yard Act,416371,Systematic popularity-first top ten
UK003F,Leeds,3070506,74K7bX12L8GBAWvPuyIgJ7,Embrace,411812,Systematic popularity-first top ten
UK006F,Liverpool,1597536,3WrFJ7ztbogyGnTHbHJFl2,The Beatles,37927636,Systematic popularity-first top ten
UK006F,Liverpool,1597536,240wlM8vDrf6S4zCyzGj2W,CamelPhat,6543464,Systematic popularity-first top ten
UK006F,Liverpool,1597536,47Z8LEl3LnQkcpva0xSthT,The La's,5581915,Systematic popularity-first top ten
UK006F,Liverpool,1597536,0uAjBatvB4ubpd4kCfjmNt,A Flock Of Seagulls,4670482,Systematic popularity-first top ten
UK006F,Liverpool,1597536,7wJ9NwdRWtN92NunmXuwBk,Orchestral Manoeuvres In The Dark,3287803,Systematic popularity-first top ten
UK006F,Liverpool,1597536,5WWSL6rElJeUk3Uc1S2RyD,Dead Or Alive,3275455,Systematic popularity-first top ten
UK006F,Liverpool,1597536,0Ya43ZKWHTKkAbkoJJkwIB,The Wombats,2884656,Systematic popularity-first top ten
UK006F,Liverpool,1597536,1mZu3rO7qSD09GdDpePHhY,Frankie Goes To Hollywood,2758706,Systematic popularity-first top ten
UK006F,Liverpool,1597536,6JMHws5haIO6V35YNYDnDw,Atomic Kitten,2751716,Systematic popularity-first top ten
UK006F,Liverpool,1597536,0fgYKF9Avljex0L9Wt5b8Z,Echo & the Bunnymen,2210172,Systematic popularity-first top ten
UK001F,London,12666099,4gzpq5DPGxSnKTe4SA8HAU,Coldplay,92034104,Systematic popularity-first top ten
UK001F,London,12666099,1dfeR4HaWDbWqFHLkxsg1d,Queen,51601234,Systematic popularity-first top ten
UK001F,London,12666099,08GQAI4eElDnROBrJRGE0X,Fleetwood Mac,50959935,Systematic popularity-first top ten
UK001F,London,12666099,4AK6F7OLvEQ5QYCBNiQWHq,One Direction,45724043,Systematic popularity-first top ten
UK001F,London,12666099,5NGO30tJxFlKixkPSgXcFE,The Police,39887109,Systematic popularity-first top ten
UK001F,London,12666099,3AA28KZvwAUcZuOKwyblJQ,Gorillaz,38173160,Systematic popularity-first top ten
UK001F,London,12666099,22bE4uQ6baNwSHPVcDxLCe,The Rolling Stones,30690194,Systematic popularity-first top ten
UK001F,London,12666099,0k17h0D3J5VfsdmQ1iZtE9,Pink Floyd,26546155,Systematic popularity-first top ten
UK001F,London,12666099,0WwSkZ7LtFUFjGjMZBMt6T,Dire Straits,26242776,Systematic popularity-first top ten
UK001F,London,12666099,1moxjboGR7GNWYIMWsRjgG,Florence + The Machine,25836943,Systematic popularity-first top ten
UK008F,Manchester,3595966,2DaxqgrOhkeH0fpeiQq2f4,Oasis,39676473,Systematic popularity-first top ten
UK008F,Manchester,3595966,3yY2gUcIsjMr8hjo51PoJ8,The Smiths,22515532,Systematic popularity-first top ten
UK008F,Manchester,3595966,3mIj9lX2MWuHmhNCA7LSCW,The 1975,18915018,Systematic popularity-first top ten
UK008F,Manchester,3595966,2cGwlqi3k18jFpUyTrsR84,The Verve,16374768,Systematic popularity-first top ten
UK008F,Manchester,3595966,6waa8mKu91GjzD4NlONlNJ,The Hollies,10112715,Systematic popularity-first top ten
UK008F,Manchester,3595966,1GhPHrq36VKCY3ucVaZCfo,The Chemical Brothers,9143502,Systematic popularity-first top ten
UK008F,Manchester,3595966,1fa0cOhromAZdq2xRA4vv8,Simply Red,9097250,Systematic popularity-first top ten
UK008F,Manchester,3595966,0yNLKJebCb8Aueb54LYya3,New Order,8786188,Systematic popularity-first top ten
UK008F,Manchester,3595966,6i6WlGzQtXtz7GcC5H5st5,10cc,6808182,Systematic popularity-first top ten
UK008F,Manchester,3595966,1XgFuvRd7r5g0h844A5ZUQ,Take That,6539015,Systematic popularity-first top ten
UK013F,Newcastle,1221203,3ICflSq6ZgYAIrm2CTkfVP,The Animals,12324330,Systematic popularity-first top ten
UK013F,Newcastle,1221203,6edGSAX5dVpeJVwu1Q0NwJ,Lighthouse Family,2921952,Systematic popularity-first top ten
UK013F,Newcastle,1221203,048FBwXjFYBWxSggPDipic,Maximo Park,411159,Systematic popularity-first top ten
UK013F,Newcastle,1221203,5fwaejlOHVBAw1KhIPPaQe,Venom,203523,Systematic popularity-first top ten
UK013F,Newcastle,1221203,1MZ8NERIuOS610KBhr6yna,Tygers Of Pan Tang,89626,Systematic popularity-first top ten
UK013F,Newcastle,1221203,0IzJYdxaNLwrC7diSCu0iY,Geordie,79034,Systematic popularity-first top ten
UK013F,Newcastle,1221203,7sx3r4lMo079vO7lIi0fng,Lanterns on the Lake,43202,Systematic popularity-first top ten
UK013F,Newcastle,1221203,5z96yaS2s1USscDldCCDgw,Angelic Upstarts,37083,Systematic popularity-first top ten
UK013F,Newcastle,1221203,1F7QDWyZTLGzkyGLgFjEhU,Pigs Pigs Pigs Pigs Pigs Pigs Pigs,37035,Systematic popularity-first top ten
UK013F,Newcastle,1221203,3SRTWBeGhX3o5DCQ2zzTdI,Dubstar,34962,Systematic popularity-first top ten
UK010F,Sheffield,1217504,7Ln80lUS6He07XvHI8qqHH,Arctic Monkeys,52301870,Systematic popularity-first top ten
UK010F,Sheffield,1217504,1Ffb6ejR6Fe5IamqA5oRUF,Bring Me The Horizon,13707032,Systematic popularity-first top ten
UK010F,Sheffield,1217504,6H1RjVyNruCmrBEWRbD0VZ,Def Leppard,10792689,Systematic popularity-first top ten
UK010F,Sheffield,1217504,1aX2dmV8XoHYCOQRxjPESG,The Human League,6085844,Systematic popularity-first top ten
UK010F,Sheffield,1217504,36E7oYfz3LLRto6l2WmDcD,Pulp,2830863,Systematic popularity-first top ten
UK010F,Sheffield,1217504,4aaBjq7VqqQvpSF69GglvO,Moloko,2507932,Systematic popularity-first top ten
UK010F,Sheffield,1217504,5jVeqi3PNaTOajfvBa4uFn,Thompson Twins,2069490,Systematic popularity-first top ten
UK010F,Sheffield,1217504,2Z7UcsdweVlRbAk5wH5fsf,The Last Shadow Puppets,1305891,Systematic popularity-first top ten
UK010F,Sheffield,1217504,2s79xe5F6eUQkjwjww27Fh,ABC,1028147,Systematic popularity-first top ten
UK010F,Sheffield,1217504,6QNkSI0c63lCTNXpHDBiqP,Ace,1026309,Systematic popularity-first top ten
