band,city,spotify_id,spotify_name,monthly_listeners,followers,world_rank,stats_extracted_at_utc,source,source_access
And So I Watch You From Afar,Belfast,7qKMNwlACMZOUdMG3acwst,And So I Watch You from Afar,41717,93175,0,2026-07-18T20:40:00.993779+00:00,Spotify web-player queryArtistOverview,undocumented read-only web-client endpoint
Bicep,Belfast,73A3bLnfnz5BoQjb4gNCga,BICEP,3141387,673233,0,2026-07-18T20:40:00.993779+00:00,Spotify web-player queryArtistOverview,undocumented read-only web-client endpoint
Girls Names,Belfast,4UAxwzDV5PYB11huf5Shs3,Girls Names,9972,16785,0,2026-07-18T20:40:00.993779+00:00,Spotify web-player queryArtistOverview,undocumented read-only web-client endpoint
Kneecap,Belfast,1ZVACPeq7ccGCoUXwtafUU,KNEECAP,1263438,558490,0,2026-07-18T20:40:00.993779+00:00,Spotify web-player queryArtistOverview,undocumented read-only web-client endpoint
New Pagans,Belfast,6T3ilEGTNIHzq1x92GDkaK,New Pagans,435,4282,0,2026-07-18T20:40:00.993779+00:00,Spotify web-player queryArtistOverview,undocumented read-only web-client endpoint
Rudi,Belfast,7cn9cxPh36ZnWTGXI78x55,Rudi,8789,5272,0,2026-07-18T20:40:00.993779+00:00,Spotify web-player queryArtistOverview,undocumented read-only web-client endpoint
Stiff Little Fingers,Belfast,2bt3I0VkmYuPvP57sxokab,Stiff Little Fingers,266703,236374,0,2026-07-18T20:40:00.993779+00:00,Spotify web-player queryArtistOverview,undocumented read-only web-client endpoint
The Outcasts,Belfast,4DDiFKfkmzRaZEakCn1gjO,The Outcasts,37587,7593,0,2026-07-18T20:40:00.993779+00:00,Spotify web-player queryArtistOverview,undocumented read-only web-client endpoint
Them,Belfast,5BaHqGtf6UAZnHfqdPaTDA,Them,598923,155177,0,2026-07-18T20:40:00.993779+00:00,Spotify web-player queryArtistOverview,undocumented read-only web-client endpoint
Two Door Cinema Club,Belfast,536BYVgOnRky0xjsPT96zl,Two Door Cinema Club,9884423,2655723,0,2026-07-18T20:40:00.993779+00:00,Spotify web-player queryArtistOverview,undocumented read-only web-client endpoint
Black Sabbath,Birmingham,5M52tdBnJaKSvOpJGz8mfZ,Black Sabbath,18288641,10711277,0,2026-07-18T20:40:00.993779+00:00,Spotify web-player queryArtistOverview,undocumented read-only web-client endpoint
Dexys Midnight Runners,Birmingham,4QTVePrFu1xuGM9K0kNXkk,Dexys Midnight Runners,7999321,384886,0,2026-07-18T20:40:00.993779+00:00,Spotify web-player queryArtistOverview,undocumented read-only web-client endpoint
Duran Duran,Birmingham,0lZoBs4Pzo7R89JM9lxwoT,Duran Duran,15134650,3958344,0,2026-07-18T20:40:00.993779+00:00,Spotify web-player queryArtistOverview,undocumented read-only web-client endpoint
ELO,Birmingham,7jefIIksOi1EazgRTfW2Pk,Electric Light Orchestra,18330664,4748870,0,2026-07-18T20:40:00.993779+00:00,Spotify web-player queryArtistOverview,undocumented read-only web-client endpoint
Editors,Birmingham,6e9wIFWhBPHLE9bXK8gtBI,Editors,1241937,786142,0,2026-07-18T20:40:00.993779+00:00,Spotify web-player queryArtistOverview,undocumented read-only web-client endpoint
Judas Priest,Birmingham,2tRsMl4eGxwoNabM08Dm4I,Judas Priest,4112763,4744039,0,2026-07-18T20:40:00.993779+00:00,Spotify web-player queryArtistOverview,undocumented read-only web-client endpoint
Steel Pulse,Birmingham,6UL7BodGc5iVmQGlMwHR0g,Steel Pulse,1883347,736715,0,2026-07-18T20:45:22.974241+00:00,Spotify web-player queryArtistOverview,undocumented read-only web-client endpoint
The Moody Blues,Birmingham,5BcZ22XONcRoLhTbZRuME1,The Moody Blues,2129836,1500809,0,2026-07-18T20:40:00.993779+00:00,Spotify web-player queryArtistOverview,undocumented read-only web-client endpoint
Fine Young Cannibals,Birmingham,20p5D2KrE8CGuOjHtxsyTp,Fine Young Cannibals,5309505,1018624,0,2026-07-18T20:45:22.974241+00:00,Spotify web-player queryArtistOverview,undocumented read-only web-client endpoint
UB40,Birmingham,69MEO1AADKg1IZrq2XLzo5,UB40,9327767,2783787,0,2026-07-18T20:40:00.993779+00:00,Spotify web-player queryArtistOverview,undocumented read-only web-client endpoint
Fuck Buttons,Bristol,6tCENAD2FBfIMyygJMeOJV,Fuck Buttons,23928,63138,0,2026-07-18T20:40:00.993779+00:00,Spotify web-player queryArtistOverview,undocumented read-only web-client endpoint
Idles,Bristol,75mafsNqNE1WSEVxIKuY5C,IDLES,1060008,893225,0,2026-07-18T20:40:00.993779+00:00,Spotify web-player queryArtistOverview,undocumented read-only web-client endpoint
Kosheen,Bristol,5squ8uM6fhMQY71t9xobJC,Kosheen,1391320,161015,0,2026-07-18T20:40:00.993779+00:00,Spotify web-player queryArtistOverview,undocumented read-only web-client endpoint
Massive Attack,Bristol,6FXMGgJwohJLUSr5nVlf9X,Massive Attack,8692931,2943616,0,2026-07-18T20:40:00.993779+00:00,Spotify web-player queryArtistOverview,undocumented read-only web-client endpoint
Portishead,Bristol,6liAMWkVf5LH7YR9yfFy1Y,Portishead,5958911,2540792,0,2026-07-18T20:40:00.993779+00:00,Spotify web-player queryArtistOverview,undocumented read-only web-client endpoint
Roni Size / Reprazent,Bristol,0QJsUBH0PcoT2fYI1F1Oee,Roni Size Reprazent,306,1053,0,2026-07-18T20:40:00.993779+00:00,Spotify web-player queryArtistOverview,undocumented read-only web-client endpoint
Smith & Mighty,Bristol,5fegFJAeq9eItFZf8oPIin,Smith & Mighty,50307,13250,0,2026-07-18T20:40:00.993779+00:00,Spotify web-player queryArtistOverview,undocumented read-only web-client endpoint
The Blue Aeroplanes,Bristol,4MTSrVgHNfGtYV9pek8vY5,The Blue Aeroplanes,16407,13722,0,2026-07-18T20:40:00.993779+00:00,Spotify web-player queryArtistOverview,undocumented read-only web-client endpoint
The Pop Group,Bristol,3fBmq4xVcd346QvErp6fko,The Pop Group,12022,34565,0,2026-07-18T20:40:00.993779+00:00,Spotify web-player queryArtistOverview,undocumented read-only web-client endpoint
Way Out West,Bristol,3HghjRl8Mo6OJWG0WElY2z,Way Out West,183677,50191,0,2026-07-18T20:40:00.993779+00:00,Spotify web-player queryArtistOverview,undocumented read-only web-client endpoint
Budgie,Cardiff,42RbQv212uOjyfIXECLKfR,Budgie,102853,94464,0,2026-07-18T20:40:00.993779+00:00,Spotify web-player queryArtistOverview,undocumented read-only web-client endpoint
Catatonia,Cardiff,4Bgfzia8wyaGaTn42egzTv,Catatonia,301265,90480,0,2026-07-18T20:40:00.993779+00:00,Spotify web-player queryArtistOverview,undocumented read-only web-client endpoint
Kids in Glass Houses,Cardiff,0d630stEgFcD3GTKZPZFzY,Kids In Glass Houses,43510,57484,0,2026-07-18T20:40:00.993779+00:00,Spotify web-player queryArtistOverview,undocumented read-only web-client endpoint
Los Campesinos!,Cardiff,6FlOCziOXI157pvUREAh3E,Los Campesinos!,507510,209086,0,2026-07-18T20:40:00.993779+00:00,Spotify web-player queryArtistOverview,undocumented read-only web-client endpoint
Manic Street Preachers,Cardiff,2uH0RyPcX7fnCcT90HFDQX,Manic Street Preachers,893282,751312,0,2026-07-18T20:40:00.993779+00:00,Spotify web-player queryArtistOverview,undocumented read-only web-client endpoint
Mclusky,Cardiff,3xA9AB0f4BVjsSlyQc12iE,Mclusky,51917,50828,0,2026-07-18T20:40:00.993779+00:00,Spotify web-player queryArtistOverview,undocumented read-only web-client endpoint
Stereophonics,Cardiff,21UJ7PRWb3Etgsu99f8yo8,Stereophonics,5187258,1843050,0,2026-07-18T20:40:00.993779+00:00,Spotify web-player queryArtistOverview,undocumented read-only web-client endpoint
Super Furry Animals,Cardiff,0FOcXqJgJ1oq9XfzYTDZmZ,Super Furry Animals,149540,131452,0,2026-07-18T20:40:00.993779+00:00,Spotify web-player queryArtistOverview,undocumented read-only web-client endpoint
The Automatic,Cardiff,7IZcg74X6CKzf0SfRliRrB,The Automatic,137134,34228,0,2026-07-18T20:40:00.993779+00:00,Spotify web-player queryArtistOverview,undocumented read-only web-client endpoint
Young Marble Giants,Cardiff,0tQ2Q4y9iUkKszxXyB14ZH,Young Marble Giants,42598,62664,0,2026-07-18T20:40:00.993779+00:00,Spotify web-player queryArtistOverview,undocumented read-only web-client endpoint
Adorable,Coventry,6xKL0fuDG1P7nivQtPY2fv,Adorable,19192,14198,0,2026-07-18T20:40:00.993779+00:00,Spotify web-player queryArtistOverview,undocumented read-only web-client endpoint
Bolt Thrower,Coventry,3EbMlZ7ZKmFWPTHrLzpzvs,Bolt Thrower,180166,285017,0,2026-07-18T20:40:00.993779+00:00,Spotify web-player queryArtistOverview,undocumented read-only web-client endpoint
Cathedral,Coventry,5O7ziOtiFUyRMBJN1J4Tpv,Cathedral,42528,96540,0,2026-07-18T20:40:00.993779+00:00,Spotify web-player queryArtistOverview,undocumented read-only web-client endpoint
Fun Boy Three,Coventry,1dmEUAQBopYUrsMnQnScWL,Fun Boy Three,210879,123794,0,2026-07-18T20:40:00.993779+00:00,Spotify web-player queryArtistOverview,undocumented read-only web-client endpoint
King,Coventry,3ckiHuEKcXHXV0QOkCdCki,King,148192,12711,0,2026-07-18T20:40:00.993779+00:00,Spotify web-player queryArtistOverview,undocumented read-only web-client endpoint
The Colourfield,Coventry,06Rbwc8jaQ1d5fDPZiasE0,The Colourfield,55168,28746,0,2026-07-18T20:40:00.993779+00:00,Spotify web-player queryArtistOverview,undocumented read-only web-client endpoint
The Enemy,Coventry,01ZP85CNi7Y9t1e0one46k,The Enemy,278925,157157,0,2026-07-18T20:40:00.993779+00:00,Spotify web-player queryArtistOverview,undocumented read-only web-client endpoint
The Primitives,Coventry,4FPmAi3p4T3p0AsthfqHMA,The Primitives,263905,48870,0,2026-07-18T20:40:00.993779+00:00,Spotify web-player queryArtistOverview,undocumented read-only web-client endpoint
The Selecter,Coventry,3wRksusBxJ6npu0PryYheF,The Selecter,147657,144513,0,2026-07-18T20:40:00.993779+00:00,Spotify web-player queryArtistOverview,undocumented read-only web-client endpoint
The Specials,Coventry,6xnvNmSzmeOE1bLKnYXKW3,The Specials,1432373,741585,0,2026-07-18T20:40:00.993779+00:00,Spotify web-player queryArtistOverview,undocumented read-only web-client endpoint
Bay City Rollers,Edinburgh,3r9TXuXfOUxXjgYgAR0fP8,Bay City Rollers,499865,225644,0,2026-07-18T20:40:00.993779+00:00,Spotify web-player queryArtistOverview,undocumented read-only web-client endpoint
Boards of Canada,Edinburgh,2VAvhf61GgLYmC6C8anyX1,Boards of Canada,1177186,844402,0,2026-07-18T20:40:00.993779+00:00,Spotify web-player queryArtistOverview,undocumented read-only web-client endpoint
Idlewild,Edinburgh,1xdB9gS1NrKEYgZUEfoqIw,Idlewild,89257,72943,0,2026-07-18T20:40:00.993779+00:00,Spotify web-player queryArtistOverview,undocumented read-only web-client endpoint
Josef K,Edinburgh,1wAvVTxYw932BnBO5JhrXJ,Josef K,8018,24954,0,2026-07-18T20:40:00.993779+00:00,Spotify web-player queryArtistOverview,undocumented read-only web-client endpoint
The Exploited,Edinburgh,6NB4b8lltHCjOhW7vQZkAy,The Exploited,164967,272998,0,2026-07-18T20:40:00.993779+00:00,Spotify web-player queryArtistOverview,undocumented read-only web-client endpoint
The Fire Engines,Edinburgh,3Glx297fyff7hKkl7nBrwu,Fire Engines,2238,5591,0,2026-07-18T20:40:00.993779+00:00,Spotify web-player queryArtistOverview,undocumented read-only web-client endpoint
The Incredible String Band,Edinburgh,0tQzBYPjAardhWpGkqVdNW,The Incredible String Band,31217,60628,0,2026-07-18T20:40:00.993779+00:00,Spotify web-player queryArtistOverview,undocumented read-only web-client endpoint
The Rezillos,Edinburgh,0nbaBQTlGxUPLQ07N7onwv,The Rezillos,96370,63677,0,2026-07-18T20:40:00.993779+00:00,Spotify web-player queryArtistOverview,undocumented read-only web-client endpoint
We Were Promised Jetpacks,Edinburgh,3gnrmLahFhVXRI9DA1MImH,We Were Promised Jetpacks,226591,142629,0,2026-07-18T20:40:00.993779+00:00,Spotify web-player queryArtistOverview,undocumented read-only web-client endpoint
Young Fathers,Edinburgh,5mZC7ndY6oGMxJentRwsuV,Young Fathers,397759,272197,0,2026-07-18T20:40:00.993779+00:00,Spotify web-player queryArtistOverview,undocumented read-only web-client endpoint
Belle and Sebastian,Glasgow,4I2BJf80C0skQpp1sQmA0h,Belle and Sebastian,1141204,747098,0,2026-07-18T20:40:00.993779+00:00,Spotify web-player queryArtistOverview,undocumented read-only web-client endpoint
CHVRCHES,Glasgow,3CjlHNtplJyTf9npxaPl5w,CHVRCHES,4152413,1434807,0,2026-07-18T20:40:00.993779+00:00,Spotify web-player queryArtistOverview,undocumented read-only web-client endpoint
Travis,Glasgow,3bUwxJgNakzYKkqAVgZLlh,Travis,2884486,1176704,0,2026-07-18T20:45:22.974241+00:00,Spotify web-player queryArtistOverview,undocumented read-only web-client endpoint
Stealers Wheel,Glasgow,7bPU7cvfoD20ixGD9Qnqki,Stealers Wheel,5726001,253056,0,2026-07-18T20:45:22.974241+00:00,Spotify web-player queryArtistOverview,undocumented read-only web-client endpoint
Franz Ferdinand,Glasgow,0XNa1vTidXlvJ2gHSsRi4A,Franz Ferdinand,10807735,3218082,0,2026-07-18T20:40:00.993779+00:00,Spotify web-player queryArtistOverview,undocumented read-only web-client endpoint
Wet Wet Wet,Glasgow,2u0gw0uCWBMiqV7h0N8kai,Wet Wet Wet,2057236,614358,0,2026-07-18T20:45:22.974241+00:00,Spotify web-player queryArtistOverview,undocumented read-only web-client endpoint
Primal Scream,Glasgow,3wury2nd8idV4GecUg5xze,Primal Scream,1165795,590819,0,2026-07-18T20:40:00.993779+00:00,Spotify web-player queryArtistOverview,undocumented read-only web-client endpoint
Simple Minds,Glasgow,6hN9F0iuULZYWXppob22Aj,Simple Minds,9628717,2504682,0,2026-07-18T20:40:00.993779+00:00,Spotify web-player queryArtistOverview,undocumented read-only web-client endpoint
Texas,Glasgow,5JsdVATHNPE0XdMFMRoSuf,Texas,2420479,572024,0,2026-07-18T20:40:00.993779+00:00,Spotify web-player queryArtistOverview,undocumented read-only web-client endpoint
The Fratellis,Glasgow,3M4ThdJR28z9eSMcQHAZ5G,The Fratellis,4131358,958629,0,2026-07-18T20:40:00.993779+00:00,Spotify web-player queryArtistOverview,undocumented read-only web-client endpoint
Black Tongue,Hull,5vTCEZ15eybRnoqUAra4Ys,Black Tongue,50504,96043,0,2026-07-18T20:40:00.993779+00:00,Spotify web-player queryArtistOverview,undocumented read-only web-client endpoint
Everything but the Girl,Hull,13ccXrK7AmXb4TddMkE7jy,Everything But The Girl,5607393,480010,0,2026-07-18T20:40:00.993779+00:00,Spotify web-player queryArtistOverview,undocumented read-only web-client endpoint
Kingmaker,Hull,11AkBmwCjqWISY2MRhlhhM,Kingmaker,7610,9420,0,2026-07-18T20:40:00.993779+00:00,Spotify web-player queryArtistOverview,undocumented read-only web-client endpoint
Red Guitars,Hull,5Y4NtpzJGvNTitaOEAPQOm,Red Guitars,931,1275,0,2026-07-18T20:40:00.993779+00:00,Spotify web-player queryArtistOverview,undocumented read-only web-client endpoint
Scarlet,Hull,17slL8goxemQvfDtqeEavh,Scarlet,75896,4152,0,2026-07-18T20:40:00.993779+00:00,Spotify web-player queryArtistOverview,undocumented read-only web-client endpoint
The Beautiful South,Hull,4fomCZiFUMX73KJ0YQ0V90,The Beautiful South,1074612,498337,0,2026-07-18T20:40:00.993779+00:00,Spotify web-player queryArtistOverview,undocumented read-only web-client endpoint
The Housemartins,Hull,77D38RDgCtlYNLpayStftL,The Housemartins,1008292,292230,0,2026-07-18T20:40:00.993779+00:00,Spotify web-player queryArtistOverview,undocumented read-only web-client endpoint
The Paddingtons,Hull,15dpP4ak7Z35TvysdicaUr,The Paddingtons,4603,14736,0,2026-07-18T20:40:00.993779+00:00,Spotify web-player queryArtistOverview,undocumented read-only web-client endpoint
The Watersons,Hull,59w4wGMXlt4HULBSTVxRAY,The Watersons,15620,12852,0,2026-07-18T20:40:00.993779+00:00,Spotify web-player queryArtistOverview,undocumented read-only web-client endpoint
Throbbing Gristle,Hull,1UYhxPY1oqFUg1HfF8nV3k,Throbbing Gristle,56065,131943,0,2026-07-18T20:40:00.993779+00:00,Spotify web-player queryArtistOverview,undocumented read-only web-client endpoint
Alt-J,Leeds,3XHO7cRUPCLOr6jwp8vsx5,alt-J,8110938,3499216,0,2026-07-18T20:40:00.993779+00:00,Spotify web-player queryArtistOverview,undocumented read-only web-client endpoint
Chumbawamba,Leeds,0TcYeHEK9sBtv7xPbKhzHz,Chumbawamba,4700579,225650,0,2026-07-18T20:40:00.993779+00:00,Spotify web-player queryArtistOverview,undocumented read-only web-client endpoint
Gang of Four,Leeds,3AmWjMXXtBJOmNGpUFSOAl,Gang Of Four,469462,292732,0,2026-07-18T20:40:00.993779+00:00,Spotify web-player queryArtistOverview,undocumented read-only web-client endpoint
Kaiser Chiefs,Leeds,0LbLWjaweRbO4FDKYlbfNt,Kaiser Chiefs,2999896,1422089,0,2026-07-18T20:40:00.993779+00:00,Spotify web-player queryArtistOverview,undocumented read-only web-client endpoint
Nightmares on Wax,Leeds,4tNxq9NGKTKaX8OkZBLgf0,Nightmares On Wax,1820888,556692,0,2026-07-18T20:40:00.993779+00:00,Spotify web-player queryArtistOverview,undocumented read-only web-client endpoint
Sisters of Mercy,Leeds,4HxBVyHaUa60eCSsJWxwWR,Sisters of Mercy,994856,771147,0,2026-07-18T20:40:00.993779+00:00,Spotify web-player queryArtistOverview,undocumented read-only web-client endpoint
Soft Cell,Leeds,6aq8T2RcspxVOGgMrTzjWc,Soft Cell,5766246,869007,0,2026-07-18T20:40:00.993779+00:00,Spotify web-player queryArtistOverview,undocumented read-only web-client endpoint
The Cult,Leeds,49DW3KvkyjHO35mK1JnSyS,The Cult,2277310,852449,0,2026-07-18T20:45:22.974241+00:00,Spotify web-player queryArtistOverview,undocumented read-only web-client endpoint
Yard Act,Leeds,2h3ooJn8m8X8cL2g1BZ1Rd,Yard Act,416371,155450,0,2026-07-18T20:45:22.974241+00:00,Spotify web-player queryArtistOverview,undocumented read-only web-client endpoint
The Wedding Present,Leeds,4tyCvqG48h4LdcbFfWBjR9,The Wedding Present,45749,65575,0,2026-07-18T20:40:00.993779+00:00,Spotify web-player queryArtistOverview,undocumented read-only web-client endpoint
Cornershop,Leicester,3Kf7VEIRWquxrNIuyJZnfF,Cornershop,920853,85161,0,2026-07-18T20:40:00.993779+00:00,Spotify web-player queryArtistOverview,undocumented read-only web-client endpoint
Crazyhead,Leicester,3gGaQo8fmPTSYUtiwwaBCF,Crazyhead,834,1168,0,2026-07-18T20:40:00.993779+00:00,Spotify web-player queryArtistOverview,undocumented read-only web-client endpoint
Diesel Park West,Leicester,0GErzC8ZI8EEGJ01vAbNCX,Diesel Park West,4789,2145,0,2026-07-18T20:40:00.993779+00:00,Spotify web-player queryArtistOverview,undocumented read-only web-client endpoint
Family,Leicester,0FtsBt4gg67x9q0CS5FhB6,Family,11707,16653,0,2026-07-18T20:40:00.993779+00:00,Spotify web-player queryArtistOverview,undocumented read-only web-client endpoint
Gaye Bykers on Acid,Leicester,1JK7CE0ig3GPpTVIzFMgfJ,Gaye Bykers On Acid,799,2981,0,2026-07-18T20:40:00.993779+00:00,Spotify web-player queryArtistOverview,undocumented read-only web-client endpoint
Kasabian,Leicester,11wRdbnoYqRddKBrpHt4Ue,Kasabian,3649101,1926968,0,2026-07-18T20:40:00.993779+00:00,Spotify web-player queryArtistOverview,undocumented read-only web-client endpoint
Maybeshewill,Leicester,33qUIIydEBgWpe58IA0o61,Maybeshewill,5414,95611,0,2026-07-18T20:40:00.993779+00:00,Spotify web-player queryArtistOverview,undocumented read-only web-client endpoint
Prolapse,Leicester,2fXWTI5Hz7wg05oRqDLBwg,Prolapse,1986,3893,0,2026-07-18T20:40:00.993779+00:00,Spotify web-player queryArtistOverview,undocumented read-only web-client endpoint
Showaddywaddy,Leicester,3zIIUxcnIoUMouVQdphkeC,Showaddywaddy,178641,93848,0,2026-07-18T20:40:00.993779+00:00,Spotify web-player queryArtistOverview,undocumented read-only web-client endpoint
hard life,Leicester,7uwY65fDg3FVJ8MkJ5QuZK,hard life,664952,342751,0,2026-07-18T20:40:00.993779+00:00,Spotify web-player queryArtistOverview,undocumented read-only web-client endpoint
A Flock of Seagulls,Liverpool,0uAjBatvB4ubpd4kCfjmNt,A Flock Of Seagulls,4670482,774464,0,2026-07-18T20:40:00.993779+00:00,Spotify web-player queryArtistOverview,undocumented read-only web-client endpoint
Atomic Kitten,Liverpool,6JMHws5haIO6V35YNYDnDw,Atomic Kitten,2751716,525204,0,2026-07-18T20:40:00.993779+00:00,Spotify web-player queryArtistOverview,undocumented read-only web-client endpoint
Dead or Alive,Liverpool,5WWSL6rElJeUk3Uc1S2RyD,Dead Or Alive,3275455,490402,0,2026-07-18T20:40:00.993779+00:00,Spotify web-player queryArtistOverview,undocumented read-only web-client endpoint
Echo & the Bunnymen,Liverpool,0fgYKF9Avljex0L9Wt5b8Z,Echo & the Bunnymen,2210172,1120606,0,2026-07-18T20:40:00.993779+00:00,Spotify web-player queryArtistOverview,undocumented read-only web-client endpoint
Frankie Goes to Hollywood,Liverpool,1mZu3rO7qSD09GdDpePHhY,Frankie Goes To Hollywood,2758706,960764,0,2026-07-18T20:40:00.993779+00:00,Spotify web-player queryArtistOverview,undocumented read-only web-client endpoint
CamelPhat,Liverpool,240wlM8vDrf6S4zCyzGj2W,CamelPhat,6543464,572358,0,2026-07-18T20:45:22.974241+00:00,Spotify web-player queryArtistOverview,undocumented read-only web-client endpoint
The Beatles,Liverpool,3WrFJ7ztbogyGnTHbHJFl2,The Beatles,37927636,32385954,137,2026-07-18T20:40:00.993779+00:00,Spotify web-player queryArtistOverview,undocumented read-only web-client endpoint
The La's,Liverpool,47Z8LEl3LnQkcpva0xSthT,The La's,5581915,320009,0,2026-07-18T20:40:00.993779+00:00,Spotify web-player queryArtistOverview,undocumented read-only web-client endpoint
Orchestral Manoeuvres in the Dark,Liverpool,7wJ9NwdRWtN92NunmXuwBk,Orchestral Manoeuvres In The Dark,3287803,949812,0,2026-07-18T20:45:22.974241+00:00,Spotify web-player queryArtistOverview,undocumented read-only web-client endpoint
The Wombats,Liverpool,0Ya43ZKWHTKkAbkoJJkwIB,The Wombats,2884656,1143548,0,2026-07-18T20:40:00.993779+00:00,Spotify web-player queryArtistOverview,undocumented read-only web-client endpoint
Blur,London,7MhMgCo0Bl0Kukl93PZbYS,Blur,14009757,4274924,0,2026-07-18T20:40:00.993779+00:00,Spotify web-player queryArtistOverview,undocumented read-only web-client endpoint
Coldplay,London,4gzpq5DPGxSnKTe4SA8HAU,Coldplay,92034104,64732379,11,2026-07-18T20:40:00.993779+00:00,Spotify web-player queryArtistOverview,undocumented read-only web-client endpoint
Fleetwood Mac,London,08GQAI4eElDnROBrJRGE0X,Fleetwood Mac,50959935,15546243,66,2026-07-18T20:40:00.993779+00:00,Spotify web-player queryArtistOverview,undocumented read-only web-client endpoint
Florence and the Machine,London,1moxjboGR7GNWYIMWsRjgG,Florence + The Machine,25836943,7587105,296,2026-07-18T20:40:00.993779+00:00,Spotify web-player queryArtistOverview,undocumented read-only web-client endpoint
Led Zeppelin,London,36QJpDe2go2KgaRleHCDTp,Led Zeppelin,20605707,16927470,426,2026-07-18T20:40:00.993779+00:00,Spotify web-player queryArtistOverview,undocumented read-only web-client endpoint
Queen,London,1dfeR4HaWDbWqFHLkxsg1d,Queen,51601234,58004701,64,2026-07-18T20:40:00.993779+00:00,Spotify web-player queryArtistOverview,undocumented read-only web-client endpoint
The Police,London,5NGO30tJxFlKixkPSgXcFE,The Police,39887109,8458469,0,2026-07-18T20:45:22.974241+00:00,Spotify web-player queryArtistOverview,undocumented read-only web-client endpoint
Pink Floyd,London,0k17h0D3J5VfsdmQ1iZtE9,Pink Floyd,26546155,24145634,0,2026-07-18T20:45:22.974241+00:00,Spotify web-player queryArtistOverview,undocumented read-only web-client endpoint
The Rolling Stones,London,22bE4uQ6baNwSHPVcDxLCe,The Rolling Stones,30690194,16651560,204,2026-07-18T20:40:00.993779+00:00,Spotify web-player queryArtistOverview,undocumented read-only web-client endpoint
The Clash,London,3RGLhK1IP9jnYFH4BRFJBS,The Clash,14589467,3508323,0,2026-07-18T20:45:22.974241+00:00,Spotify web-player queryArtistOverview,undocumented read-only web-client endpoint
The Verve,Manchester,2cGwlqi3k18jFpUyTrsR84,The Verve,16374768,3001478,0,2026-07-18T20:45:22.974241+00:00,Spotify web-player queryArtistOverview,undocumented read-only web-client endpoint
Joy Division,Manchester,432R46LaYsJZV2Gmc4jUV5,Joy Division,4140711,2965374,0,2026-07-18T20:40:00.993779+00:00,Spotify web-player queryArtistOverview,undocumented read-only web-client endpoint
New Order,Manchester,0yNLKJebCb8Aueb54LYya3,New Order,8786188,2651294,0,2026-07-18T20:40:00.993779+00:00,Spotify web-player queryArtistOverview,undocumented read-only web-client endpoint
Oasis,Manchester,2DaxqgrOhkeH0fpeiQq2f4,Oasis,39676473,13941515,124,2026-07-18T20:40:00.993779+00:00,Spotify web-player queryArtistOverview,undocumented read-only web-client endpoint
Simply Red,Manchester,1fa0cOhromAZdq2xRA4vv8,Simply Red,9097250,2960800,0,2026-07-18T20:40:00.993779+00:00,Spotify web-player queryArtistOverview,undocumented read-only web-client endpoint
Take That,Manchester,1XgFuvRd7r5g0h844A5ZUQ,Take That,6539015,1517488,0,2026-07-18T20:40:00.993779+00:00,Spotify web-player queryArtistOverview,undocumented read-only web-client endpoint
The 1975,Manchester,3mIj9lX2MWuHmhNCA7LSCW,The 1975,18915018,8582651,493,2026-07-18T20:40:00.993779+00:00,Spotify web-player queryArtistOverview,undocumented read-only web-client endpoint
The Chemical Brothers,Manchester,1GhPHrq36VKCY3ucVaZCfo,The Chemical Brothers,9143502,2435363,0,2026-07-18T20:40:00.993779+00:00,Spotify web-player queryArtistOverview,undocumented read-only web-client endpoint
The Smiths,Manchester,3yY2gUcIsjMr8hjo51PoJ8,The Smiths,22515532,8767855,367,2026-07-18T20:40:00.993779+00:00,Spotify web-player queryArtistOverview,undocumented read-only web-client endpoint
The Stone Roses,Manchester,1lYT0A0LV5DUfxr6doRP3d,The Stone Roses,3488308,1863145,0,2026-07-18T20:40:00.993779+00:00,Spotify web-player queryArtistOverview,undocumented read-only web-client endpoint
Benefits,Middlesbrough,5nrO8X72nFeyu3sqYIkskQ,Benefits,2329,8150,0,2026-07-18T20:40:00.993779+00:00,Spotify web-player queryArtistOverview,undocumented read-only web-client endpoint
Cape Cub,Middlesbrough,4xbJS00sHh5wBd5nYgsk8z,Cape Cub,41082,14099,0,2026-07-18T20:40:00.993779+00:00,Spotify web-player queryArtistOverview,undocumented read-only web-client endpoint
Cattle & Cane,Middlesbrough,6a1PrMzNmhNE8HrO8burHc,Cattle & Cane,66558,10989,0,2026-07-18T20:40:00.993779+00:00,Spotify web-player queryArtistOverview,undocumented read-only web-client endpoint
Collectors Club,Middlesbrough,4J5IRxSvhATb5y1Jv8dZdI,Collectors Club,14,398,0,2026-07-18T20:40:00.993779+00:00,Spotify web-player queryArtistOverview,undocumented read-only web-client endpoint
Das Wanderlust,Middlesbrough,7Bc71APQFDwBuhFgyq617o,Das Wanderlust,4,56,0,2026-07-18T20:40:00.993779+00:00,Spotify web-player queryArtistOverview,undocumented read-only web-client endpoint
Mouses,Middlesbrough,4zCHl1iYtjNLcbAAmuPhKX,Mouses,85,850,0,2026-07-18T20:40:00.993779+00:00,Spotify web-player queryArtistOverview,undocumented read-only web-client endpoint
The Chapman Family,Middlesbrough,3JDtBazV1J60MlLCXPf0xk,The Chapman Family,142,620,0,2026-07-18T20:40:00.993779+00:00,Spotify web-player queryArtistOverview,undocumented read-only web-client endpoint
The Flaming Mussolinis,Middlesbrough,7DMTNRuX4yxSzVMyP5H2be,The Flaming Mussolinis,129,207,0,2026-07-18T20:40:00.993779+00:00,Spotify web-player queryArtistOverview,undocumented read-only web-client endpoint
The Young'uns,Middlesbrough,1yyXgzBSMpwYqd2GZN4OCS,The Young'uns,8757,10511,0,2026-07-18T20:40:00.993779+00:00,Spotify web-player queryArtistOverview,undocumented read-only web-client endpoint
Young Rebel Set,Middlesbrough,3tJb7sqk201WZ0bT0pJxeM,Young Rebel Set,19277,13939,0,2026-07-18T20:40:00.993779+00:00,Spotify web-player queryArtistOverview,undocumented read-only web-client endpoint
Field Music,Newcastle,5P1tdwsQdI6z9MXXfmYRDS,Field Music,10829,39708,0,2026-07-18T20:40:00.993779+00:00,Spotify web-player queryArtistOverview,undocumented read-only web-client endpoint
Lanterns on the Lake,Newcastle,7sx3r4lMo079vO7lIi0fng,Lanterns on the Lake,43202,38093,0,2026-07-18T20:40:00.993779+00:00,Spotify web-player queryArtistOverview,undocumented read-only web-client endpoint
Lighthouse Family,Newcastle,6edGSAX5dVpeJVwu1Q0NwJ,Lighthouse Family,2921952,660194,0,2026-07-18T20:40:00.993779+00:00,Spotify web-player queryArtistOverview,undocumented read-only web-client endpoint
Little Comets,Newcastle,7cfhZmKaLWzNLwHDxzugUH,Little Comets,47976,80242,0,2026-07-18T20:40:00.993779+00:00,Spotify web-player queryArtistOverview,undocumented read-only web-client endpoint
Maxïmo Park,Newcastle,048FBwXjFYBWxSggPDipic,Maximo Park,411159,259584,0,2026-07-18T20:40:00.993779+00:00,Spotify web-player queryArtistOverview,undocumented read-only web-client endpoint
Pigs Pigs Pigs Pigs Pigs Pigs Pigs,Newcastle,1F7QDWyZTLGzkyGLgFjEhU,Pigs Pigs Pigs Pigs Pigs Pigs Pigs,37035,72472,0,2026-07-18T20:40:00.993779+00:00,Spotify web-player queryArtistOverview,undocumented read-only web-client endpoint
The Animals,Newcastle,3ICflSq6ZgYAIrm2CTkfVP,The Animals,12324330,2812173,0,2026-07-18T20:40:00.993779+00:00,Spotify web-player queryArtistOverview,undocumented read-only web-client endpoint
The Futureheads,Newcastle,3TBfn8PtXr42OrTPaoC3E8,The Futureheads,175654,108938,0,2026-07-18T20:40:00.993779+00:00,Spotify web-player queryArtistOverview,undocumented read-only web-client endpoint
The Wildhearts,Newcastle,6bz0ztmnpeofmoFksV3DqL,The Wildhearts,25540,40815,0,2026-07-18T20:40:00.993779+00:00,Spotify web-player queryArtistOverview,undocumented read-only web-client endpoint
Venom,Newcastle,5fwaejlOHVBAw1KhIPPaQe,Venom,203523,617815,0,2026-07-18T20:40:00.993779+00:00,Spotify web-player queryArtistOverview,undocumented read-only web-client endpoint
Bent,Nottingham,59xljcfdN2Z9VX2U5RFKEa,Bent,395153,85135,0,2026-07-18T20:40:00.993779+00:00,Spotify web-player queryArtistOverview,undocumented read-only web-client endpoint
Crazy P,Nottingham,6jOz2B9qeID4dLP1o8bFGf,Crazy P,1027564,158049,0,2026-07-18T20:40:00.993779+00:00,Spotify web-player queryArtistOverview,undocumented read-only web-client endpoint
Dog Is Dead,Nottingham,1XwRhEHqiCVgiEJQk66fyy,D.I.D,15349,26023,0,2026-07-18T20:40:00.993779+00:00,Spotify web-player queryArtistOverview,undocumented read-only web-client endpoint
London Grammar,Nottingham,3Bd1cgCjtCI32PYvDC3ynO,London Grammar,2832139,1695264,0,2026-07-18T20:40:00.993779+00:00,Spotify web-player queryArtistOverview,undocumented read-only web-client endpoint
Paper Lace,Nottingham,33W24YuaMUEk85MwRX6cRs,Paper Lace,203759,42819,0,2026-07-18T20:40:00.993779+00:00,Spotify web-player queryArtistOverview,undocumented read-only web-client endpoint
Pitchshifter,Nottingham,10aXVE8RSUCeMzaFvBnZ2i,Pitchshifter,43987,48946,0,2026-07-18T20:40:00.993779+00:00,Spotify web-player queryArtistOverview,undocumented read-only web-client endpoint
Six by Seven,Nottingham,4TXdHyuAOl3rAOFmZ6MeKz,Six by Seven,2491,5018,0,2026-07-18T20:40:00.993779+00:00,Spotify web-player queryArtistOverview,undocumented read-only web-client endpoint
Sleaford Mods,Nottingham,0otAqZw8htTsGHfqR491Yh,Sleaford Mods,336962,304620,0,2026-07-18T20:40:00.993779+00:00,Spotify web-player queryArtistOverview,undocumented read-only web-client endpoint
Ten Years After,Nottingham,7nkLRaWHImCvWGHdNGnhVE,Ten Years After,2124380,656932,0,2026-07-18T20:40:00.993779+00:00,Spotify web-player queryArtistOverview,undocumented read-only web-client endpoint
Tindersticks,Nottingham,3dmSPhg0tdao8ePj4pySJ5,Tindersticks,189240,214888,0,2026-07-18T20:40:00.993779+00:00,Spotify web-player queryArtistOverview,undocumented read-only web-client endpoint
Foals,Oxford,6FQqZYVfTNQ1pCqfkwVFEa,Foals,4201622,1504353,0,2026-07-18T20:40:00.993779+00:00,Spotify web-player queryArtistOverview,undocumented read-only web-client endpoint
Glass Animals,Oxford,4yvcSjfu4PC0CYQyLy4wSq,Glass Animals,27093208,4804844,271,2026-07-18T20:40:00.993779+00:00,Spotify web-player queryArtistOverview,undocumented read-only web-client endpoint
Hurricane #1,Oxford,6vMDsKUbY5Rs1oG27dAUIi,Hurricane #1,14083,10060,0,2026-07-18T20:40:00.993779+00:00,Spotify web-player queryArtistOverview,undocumented read-only web-client endpoint
Radiohead,Oxford,4Z8W4fKeB5YxbusRsdQVPb,Radiohead,43168156,16613975,100,2026-07-18T20:40:00.993779+00:00,Spotify web-player queryArtistOverview,undocumented read-only web-client endpoint
Ride,Oxford,0WPY9nnBy01s5QOt4o4oQX,Ride,296215,272871,0,2026-07-18T20:40:00.993779+00:00,Spotify web-player queryArtistOverview,undocumented read-only web-client endpoint
Stornoway,Oxford,1UzKSuyOqKgUupcNNEtnF1,Stornoway,67498,54281,0,2026-07-18T20:40:00.993779+00:00,Spotify web-player queryArtistOverview,undocumented read-only web-client endpoint
Supergrass,Oxford,0sHeX8oQ6o7xic3wMf4NBU,Supergrass,4645328,719253,0,2026-07-18T20:40:00.993779+00:00,Spotify web-player queryArtistOverview,undocumented read-only web-client endpoint
Swervedriver,Oxford,0Sd7X8SxWV0AyDLbvd4uEu,Swervedriver,54373,81061,0,2026-07-18T20:40:00.993779+00:00,Spotify web-player queryArtistOverview,undocumented read-only web-client endpoint
TTNG,Oxford,5TUa95aB5Vu2CzwCnZd6t0,TTNG,88106,131854,0,2026-07-18T20:40:00.993779+00:00,Spotify web-player queryArtistOverview,undocumented read-only web-client endpoint
The Candyskins,Oxford,4o0ptlsLWeQDDMutHwPA20,The Candyskins,1966,2467,0,2026-07-18T20:40:00.993779+00:00,Spotify web-player queryArtistOverview,undocumented read-only web-client endpoint
Acres,Portsmouth,3y43zXffnLmhyQD1K4QCmD,Acres,186002,59117,0,2026-07-18T20:40:00.993779+00:00,Spotify web-player queryArtistOverview,undocumented read-only web-client endpoint
Battery Hens,Portsmouth,5C7dAXgTF5TguTFJaAn3KN,Battery Hens,3,33,0,2026-07-18T20:40:00.993779+00:00,Spotify web-player queryArtistOverview,undocumented read-only web-client endpoint
Cranes,Portsmouth,5q2ehaRqAFmM6tLl4vaVwP,Cranes,79188,93932,0,2026-07-18T20:40:00.993779+00:00,Spotify web-player queryArtistOverview,undocumented read-only web-client endpoint
Crystal Tides,Portsmouth,5a94ihfgkkItCundHIPxP4,Crystal Tides,13820,8664,0,2026-07-18T20:40:00.993779+00:00,Spotify web-player queryArtistOverview,undocumented read-only web-client endpoint
Emptifish,Portsmouth,5DqwyRAxgS6l8FUkGRLvYZ,Emptifish,89,307,0,2026-07-18T20:40:00.993779+00:00,Spotify web-player queryArtistOverview,undocumented read-only web-client endpoint
Hallan,Portsmouth,2cVFmKTidTQi4wVOWYcWi6,Hallan,5150,6659,0,2026-07-18T20:40:00.993779+00:00,Spotify web-player queryArtistOverview,undocumented read-only web-client endpoint
Is Bliss,Portsmouth,214LZis6BGqavismw079Yg,Is Bliss,406,1752,0,2026-07-18T20:40:00.993779+00:00,Spotify web-player queryArtistOverview,undocumented read-only web-client endpoint
Ivyrise,Portsmouth,3Cpe6aAAVacasDfOQgb3fq,Ivyrise,62449,1946,0,2026-07-18T20:40:00.993779+00:00,Spotify web-player queryArtistOverview,undocumented read-only web-client endpoint
Kassassin Street,Portsmouth,76aX6lwh5f4lhzUQpHmXwH,Kassassin Street,466,2391,0,2026-07-18T20:40:00.993779+00:00,Spotify web-player queryArtistOverview,undocumented read-only web-client endpoint
The Strange Death of Liberal England,Portsmouth,5Sj1C0yicWZVw7ZqbuzNwg,The Strange Death Of Liberal England,142,534,0,2026-07-18T20:40:00.993779+00:00,Spotify web-player queryArtistOverview,undocumented read-only web-client endpoint
ABC,Sheffield,2s79xe5F6eUQkjwjww27Fh,ABC,1028147,431631,0,2026-07-18T20:40:00.993779+00:00,Spotify web-player queryArtistOverview,undocumented read-only web-client endpoint
Arctic Monkeys,Sheffield,7Ln80lUS6He07XvHI8qqHH,Arctic Monkeys,52301870,35028298,61,2026-07-18T20:40:00.993779+00:00,Spotify web-player queryArtistOverview,undocumented read-only web-client endpoint
Bring Me The Horizon,Sheffield,1Ffb6ejR6Fe5IamqA5oRUF,Bring Me The Horizon,13707032,7131475,0,2026-07-18T20:40:00.993779+00:00,Spotify web-player queryArtistOverview,undocumented read-only web-client endpoint
Ace,Sheffield,6QNkSI0c63lCTNXpHDBiqP,Ace,1026309,40060,0,2026-07-18T20:45:22.974241+00:00,Spotify web-player queryArtistOverview,undocumented read-only web-client endpoint
Def Leppard,Sheffield,6H1RjVyNruCmrBEWRbD0VZ,Def Leppard,10792689,6056540,0,2026-07-18T20:40:00.993779+00:00,Spotify web-player queryArtistOverview,undocumented read-only web-client endpoint
The Last Shadow Puppets,Sheffield,2Z7UcsdweVlRbAk5wH5fsf,The Last Shadow Puppets,1305891,1251280,0,2026-07-18T20:45:22.974241+00:00,Spotify web-player queryArtistOverview,undocumented read-only web-client endpoint
Moloko,Sheffield,4aaBjq7VqqQvpSF69GglvO,Moloko,2507932,516418,0,2026-07-18T20:40:00.993779+00:00,Spotify web-player queryArtistOverview,undocumented read-only web-client endpoint
Pulp,Sheffield,36E7oYfz3LLRto6l2WmDcD,Pulp,2830863,1164307,0,2026-07-18T20:40:00.993779+00:00,Spotify web-player queryArtistOverview,undocumented read-only web-client endpoint
The Human League,Sheffield,1aX2dmV8XoHYCOQRxjPESG,The Human League,6085844,1370364,0,2026-07-18T20:40:00.993779+00:00,Spotify web-player queryArtistOverview,undocumented read-only web-client endpoint
Thompson Twins,Sheffield,5jVeqi3PNaTOajfvBa4uFn,Thompson Twins,2069490,750750,0,2026-07-18T20:40:00.993779+00:00,Spotify web-player queryArtistOverview,undocumented read-only web-client endpoint
Artful Dodger,Southampton,4L8MIM7AXmq6jb0tRix4JT,Artful Dodger,435076,73816,0,2026-07-18T20:40:00.993779+00:00,Spotify web-player queryArtistOverview,undocumented read-only web-client endpoint
Band of Skulls,Southampton,4ddt8PPvmWrI9mJQy1VrIG,Band Of Skulls,446823,272436,0,2026-07-18T20:40:00.993779+00:00,Spotify web-player queryArtistOverview,undocumented read-only web-client endpoint
Bury Tomorrow,Southampton,6BD4lgmnh4vy6kkCaZRDWt,Bury Tomorrow,497979,357588,0,2026-07-18T20:40:00.993779+00:00,Spotify web-player queryArtistOverview,undocumented read-only web-client endpoint
Creeper,Southampton,0nV7SiEIVtPLTSJ6NwWDGj,Creeper,98969,102884,0,2026-07-18T20:40:00.993779+00:00,Spotify web-player queryArtistOverview,undocumented read-only web-client endpoint
Dead!,Southampton,2uQCQ4BmANn12eOlOfkwqF,Dead!,5248,16239,0,2026-07-18T20:40:00.993779+00:00,Spotify web-player queryArtistOverview,undocumented read-only web-client endpoint
Delays,Southampton,0NAPmlw3oOKJ3BD7qcjLdQ,Delays,35030,28295,0,2026-07-18T20:40:00.993779+00:00,Spotify web-player queryArtistOverview,undocumented read-only web-client endpoint
Desolated,Southampton,4aJzQA930qk1ZLTxZDllh6,Desolated,46676,43163,0,2026-07-18T20:40:00.993779+00:00,Spotify web-player queryArtistOverview,undocumented read-only web-client endpoint
Our Hollow Our Home,Southampton,6zrSK4adBQJaCJuhGNKJEl,"Our Hollow, Our Home",69616,89705,0,2026-07-18T20:40:00.993779+00:00,Spotify web-player queryArtistOverview,undocumented read-only web-client endpoint
Power Quest,Southampton,0m9MRvdIdPp3cR1JkaEVip,Power Quest,19293,42488,0,2026-07-18T20:40:00.993779+00:00,Spotify web-player queryArtistOverview,undocumented read-only web-client endpoint
The Lounge Kittens,Southampton,1UWCNPK34Wf98Vtcluaxby,The Lounge Kittens,1416,4861,0,2026-07-18T20:40:00.993779+00:00,Spotify web-player queryArtistOverview,undocumented read-only web-client endpoint
